Size,Built In,Bubble,Merge
100,1.67e-05,0.0001552,0.0002938
100,1.72e-05,0.0001392,0.0002294
1000,0.0002276,0.0145049,0.0023021
1000,0.0002286,0.0153154,0.0022858
1000,0.0002261,0.0142512,0.0021704
10000,0.0030141,N/A,0.0233699
100000,0.0355256,N/A,0.247745
1000000,0.341682,N/A,2.56174
10000000,3.23825,N/A,26.5455
